lat	lon
65.760101318359375	-23.889377593994141
65.784477233886719	-23.970590591430664
65.807205200195313	-24.081701278686523
65.7197265625	-24.075349807739258
65.678459167480469	-24.019401550292969
65.659660339355469	-23.931734085083008
65.623779296875	-23.849386215209961
65.608139038085938	-23.788810729980469
65.595390319824219	-23.782453536987305
65.619453430175781	-23.861013412475586
65.645736694335938	-24.009429931640625
65.633941650390625	-24.068082809448242
65.595947265625	-23.996786117553711
65.557991027832031	-23.906553268432617
65.533920288085938	-23.836992263793945
65.5213623046875	-23.835746765136719
65.551315307617188	-23.952083587646484
65.567153930664063	-24.048965454101563
65.588058471679688	-24.12452507019043
65.6191177368164	-24.207704544067383
65.637779235839844	-24.326738357543945
65.611198425292969	-24.346872329711914
65.57550048828125	-24.368947982788086
65.544013977050781	-24.439735412597656
65.507049560546875	-24.518985748291016
65.496528625488281	-24.366373062133789
65.504928588867188	-24.24073600769043
65.476531982421875	-24.067670822143555
65.443901062011719	-23.959243774414063
65.4277572631836	-23.960296630859375
65.409423828125	-23.850109100341797
65.414169311523438	-23.732011795043945
65.4399642944336	-23.683719635009766
65.470230102539063	-23.621076583862305
65.4816665649414	-23.494163513183594
65.505683898925781	-23.42283821105957
65.489730834960938	-23.316221237182617
65.50164794921875	-23.193904876708984
65.529335021972656	-23.189504623413086
65.543670654296875	-23.193088531494141
65.562088012695313	-23.176191329956055
65.578262329101563	-23.158868789672852
65.582679748535156	-23.133182525634766
65.570266723632813	-23.145408630371094
65.554237365722656	-23.140409469604492
65.543472290039063	-23.061061859130859
65.545372009277344	-22.9940128326416
65.562774658203125	-22.970176696777344
65.5854263305664	-22.957553863525391
65.601356506347656	-22.956790924072266
65.603675842285156	-22.930461883544922
65.579116821289063	-22.909984588623047
65.570991516113281	-22.89073371887207
65.5860366821289	-22.860342025756836
65.600692749023438	-22.845962524414063
65.624908447265625	-22.851587295532227
65.616691589355469	-22.833278656005859
65.611465454101563	-22.811347961425781
65.595657348632813	-22.776180267333984
65.565101623535156	-22.836729049682617
65.5474853515625	-22.857389450073242
65.537712097167969	-22.869264602661133
65.5327377319336	-22.8574275970459
65.5313720703125	-22.85862922668457
65.529258728027344	-22.8331356048584
65.530685424804688	-22.816728591918945
65.528701782226563	-22.781381607055664
65.515777587890625	-22.756191253662109
65.508003234863281	-22.762140274047852
65.505874633789063	-22.733739852905273
65.50018310546875	-22.712551116943359
65.53851318359375	-22.728343963623047
65.5750961303711	-22.737829208374023
65.61126708984375	-22.76555061340332
65.626594543457031	-22.770097732543945
65.619789123535156	-22.72987174987793
65.6261215209961	-22.68431282043457
65.608039855957031	-22.688175201416016
65.582778930664063	-22.704975128173828
65.557952880859375	-22.696855545043945
65.5406494140625	-22.679737091064453
65.530197143554688	-22.671333312988281
65.523239135742188	-22.649660110473633
65.537513732910156	-22.6229248046875
65.5674819946289	-22.61338996887207
65.621856689453125	-22.621847152709961
65.60516357421875	-22.605190277099609
65.573760986328125	-22.585227966308594
65.54534912109375	-22.59095573425293
65.5330810546875	-22.569976806640625
65.549263000488281	-22.536972045898438
65.563056945800781	-22.527029037475586
65.60284423828125	-22.543069839477539
65.6433334350586	-22.546146392822266
65.614227294921875	-22.515233993530273
65.588996887207031	-22.497734069824219
65.5628662109375	-22.480672836303711
65.5414047241211	-22.480232238769531
65.5250244140625	-22.48643684387207
65.5057144165039	-22.470714569091797
65.5204086303711	-22.407369613647461
65.551620483398438	-22.396980285644531
65.528045654296875	-22.369729995727539
65.568954467773438	-22.298454284667969
65.555091857910156	-22.284702301025391
65.530593872070313	-22.341892242431641
65.522453308105469	-22.31443977355957
65.5330581665039	-22.224702835083008
65.579986572265625	-22.158281326293945
65.5991439819336	-22.090099334716797
65.557121276855469	-22.147470474243164
65.537605285644531	-22.182821273803711
65.518150329589844	-22.247310638427734
65.512908935546875	-22.321125030517578
65.489662170410156	-22.376495361328125
65.4722671508789	-22.351860046386719
65.462661743164063	-22.309974670410156
65.452842712402344	-22.295719146728516
65.441070556640625	-22.27690315246582
65.442024230957031	-22.239845275878906
65.4345703125	-22.189901351928711
65.447135925292969	-22.167074203491211
65.457389831542969	-22.161655426025391
65.485633850097656	-22.1196346282959
65.525688171386719	-22.120090484619141
65.5024185180664	-22.06114387512207
65.476600646972656	-22.043283462524414
65.495880126953125	-22.018924713134766
65.497489929199219	-21.982004165649414
65.484237670898438	-21.961122512817383
65.466987609863281	-21.917781829833984
65.4486312866211	-21.938316345214844
65.449478149414063	-21.91676139831543
65.448074340820313	-21.823501586914063
65.454216003417969	-21.71064567565918
65.421340942382813	-21.767147064208984
65.421310424804688	-21.896688461303711
65.396797180175781	-21.944908142089844
65.373519897460938	-22.035196304321289
65.344635009765625	-22.119216918945313
65.330818176269531	-22.144746780395508
65.321769714355469	-22.177177429199219
65.298446655273438	-22.307506561279297
65.289108276367188	-22.368877410888672
65.273811340332031	-22.358915328979492
65.277183532714844	-22.378192901611328
65.253944396972656	-22.406469345092773
65.239311218261719	-22.47334098815918
65.234054565429688	-22.478977203369141
65.211456298828125	-22.503959655761719
65.190391540527344	-22.535625457763672
65.189994812011719	-22.515953063964844
65.1929931640625	-22.474300384521484
65.182830810546875	-22.485576629638672
65.171554565429688	-22.515331268310547
65.184158325195313	-22.494419097900391
65.1777114868164	-22.524717330932617
65.1810073852539	-22.533695220947266
65.16943359375	-22.557647705078125
65.159111022949219	-22.537090301513672
65.160224914550781	-22.496000289916992
65.156524658203125	-22.467172622680664
65.1529769897461	-22.448385238647461
65.160934448242188	-22.417768478393555
65.16650390625	-22.408315658569336
65.168815612792969	-22.385848999023438
65.152397155761719	-22.363271713256836
65.141326904296875	-22.317607879638672
65.131561279296875	-22.275043487548828
65.123275756835938	-22.216409683227539
65.111030578613281	-22.100122451782227
65.111198425292969	-22.0305233001709
65.138320922851563	-21.911706924438477
65.15863037109375	-21.855274200439453
65.171150207519531	-21.825691223144531
65.2045669555664	-21.807945251464844
65.17266845703125	-21.709604263305664
65.142105102539063	-21.7376708984375
65.119270324707031	-21.758523941040039
65.095779418945313	-21.77397346496582
65.0643310546875	-21.820758819580078
65.045730590820313	-21.776092529296875
65.0301284790039	-21.786714553833008
65.027168273925781	-21.841730117797852
65.027381896972656	-21.997060775756836
65.036087036132813	-22.087484359741211
65.0330581665039	-22.135082244873047
65.027908325195313	-22.149234771728516
65.034439086914063	-22.178245544433594
65.0324935913086	-22.212945938110352
65.046966552734375	-22.252418518066406
65.058052062988281	-22.306604385375977
65.055130004882813	-22.354438781738281
65.056694030761719	-22.383430480957031
65.045707702636719	-22.42924690246582
65.044631958007813	-22.484180450439453
65.051300048828125	-22.518613815307617
65.041343688964844	-22.56443977355957
65.034111022949219	-22.577308654785156
65.019569396972656	-22.608537673950195
64.992256164550781	-22.600864410400391
64.971763610839844	-22.584369659423828
64.992752075195313	-22.618492126464844
64.997909545898438	-22.65681266784668
65.011909484863281	-22.668445587158203
65.026290893554688	-22.664838790893555
65.022216796875	-22.695945739746094
65.0228500366211	-22.7426815032959
65.033454895019531	-22.699970245361328
65.047515869140625	-22.686155319213867
65.0475845336914	-22.701667785644531
65.0625991821289	-22.697694778442383
65.059562683105469	-22.724031448364258
65.058975219726563	-22.741199493408203
65.073646545410156	-22.70915412902832
65.078926086425781	-22.729543685913086
65.064659118652344	-22.7518367767334
65.033073425292969	-22.832862854003906
65.033561706542969	-22.862216949462891
65.026748657226563	-22.8397216796875
65.026870727539063	-22.773488998413086
65.0123291015625	-22.825468063354492
64.99896240234375	-22.906984329223633
64.9894790649414	-22.934513092041016
65.004768371582031	-22.955472946166992
65.005828857421875	-23.0067081451416
64.964370727539063	-23.054595947265625
64.960281372070313	-23.007804870605469
64.9496078491211	-23.005712509155273
64.937286376953125	-22.997777938842773
64.933509826660156	-23.025491714477539
64.95697021484375	-23.041370391845703
64.969451904296875	-23.100656509399414
64.963043212890625	-23.101709365844727
64.9281005859375	-23.088510513305664
64.9171142578125	-23.119148254394531
64.9366226196289	-23.128067016601563
64.943389892578125	-23.155838012695313
64.980720520019531	-23.1234130859375
65.005058288574219	-23.097446441650391
64.980209350585938	-23.224908828735352
64.941253662109375	-23.206001281738281
64.926315307617188	-23.259973526000977
64.926422119140625	-23.302892684936523
64.9364242553711	-23.296211242675781
64.943077087402344	-23.327083587646484
64.935340881347656	-23.341461181640625
64.95928955078125	-23.335205078125
64.957649230957031	-23.3930721282959
64.950302124023438	-23.485872268676758
64.917640686035156	-23.533407211303711
64.915855407714844	-23.580507278442383
64.901069641113281	-23.613601684570313
64.892265319824219	-23.681009292602539
64.902748107910156	-23.749660491943359
64.922447204589844	-23.871475219726563
64.918380737304688	-23.915599822998047
64.887702941894531	-23.98167610168457
64.8796157836914	-24.04850959777832
64.827705383300781	-24.010507583618164
64.803298950195313	-23.969474792480469
64.761833190917969	-23.922382354736328
64.745208740234375	-23.871053695678711
64.731620788574219	-23.816335678100586
64.733757019042969	-23.770748138427734
64.74072265625	-23.7060604095459
64.739654541015625	-23.640823364257813
64.74267578125	-23.637096405029297
64.761962890625	-23.628253936767578
64.776084899902344	-23.626861572265625
64.799324035644531	-23.596616744995117
64.801521301269531	-23.584665298461914
64.797149658203125	-23.402362823486328
64.826187133789063	-23.368806838989258
64.805770874023438	-23.122112274169922
64.806327819824219	-22.975408554077148
64.796104431152344	-22.810279846191406
64.782096862792969	-22.721040725708008
64.804862976074219	-22.72747802734375
64.8077621459961	-22.692649841308594
64.798530578613281	-22.659711837768555
64.785263061523438	-22.651247024536133
64.784385681152344	-22.6292667388916
64.780471801757813	-22.677928924560547
64.777557373046875	-22.602714538574219
64.78271484375	-22.5905818939209
64.798210144042969	-22.552474975585938
64.799125671386719	-22.508333206176758
64.799423217773438	-22.484771728515625
64.80401611328125	-22.456968307495117
64.804306030273438	-22.422237396240234
64.801689147949219	-22.416948318481445
64.78582763671875	-22.45173454284668
64.787361145019531	-22.406824111938477
64.764495849609375	-22.446220397949219
64.7646713256836	-22.378719329833984
64.755477905273438	-22.315465927124023
64.7370376586914	-22.343931198120117
64.714691162109375	-22.357110977172852
64.693618774414063	-22.386743545532227
64.66717529296875	-22.413545608520508
64.688934326171875	-22.363887786865234
64.689727783203125	-22.347597122192383
64.674270629882813	-22.340389251708984
64.65020751953125	-22.359674453735352
64.647445678710938	-22.328651428222656
64.642738342285156	-22.376821517944336
64.667984008789063	-22.447568893432617
64.6309814453125	-22.38604736328125
64.619277954101563	-22.351964950561523
64.6041030883789	-22.355251312255859
64.583702087402344	-22.360841751098633
64.575401306152344	-22.34222412109375
64.558464050292969	-22.332372665405273
64.558639526367188	-22.304166793823242
64.571929931640625	-22.280195236206055
64.581413269042969	-22.240991592407227
64.553665161132813	-22.250324249267578
64.550827026367188	-22.239040374755859
64.554718017578125	-22.222461700439453
64.540206909179688	-22.232059478759766
64.5269546508789	-22.212797164916992
64.50732421875	-22.23187255859375
64.489547729492188	-22.238887786865234
64.49053955078125	-22.232564926147461
64.4785385131836	-22.223318099975586
64.488609313964844	-22.224151611328125
64.505332946777344	-22.225532531738281
64.496940612792969	-22.200115203857422
64.478408813476563	-22.195777893066406
64.468002319335938	-22.161355972290039
64.472480773925781	-22.116142272949219
64.471015930175781	-22.103639602661133
64.487953186035156	-22.073696136474609
64.508659362792969	-22.05070686340332
64.540046691894531	-22.049423217773438
64.560874938964844	-22.032033920288086
64.546058654785156	-22.026643753051758
64.520225524902344	-22.025798797607422
64.527984619140625	-22.00139045715332
64.531021118164063	-21.975074768066406
64.54522705078125	-21.962381362915039
64.556625366210938	-21.922328948974609
64.540367126464844	-21.930805206298828
64.537193298339844	-21.917636871337891
64.556266784667969	-21.890510559082031
64.560821533203125	-21.860177993774414
64.575637817382813	-21.840797424316406
64.5843276977539	-21.792144775390625
64.546928405761719	-21.807159423828125
64.534225463867188	-21.79277229309082
64.527214050292969	-21.874542236328125
64.513298034667969	-21.939275741577148
64.499755859375	-21.964780807495117
64.48431396484375	-21.979785919189453
64.46136474609375	-21.985836029052734
64.444503784179688	-21.989582061767578
64.4326400756836	-22.00898551940918
64.450942993164063	-22.005241394042969
64.44219970703125	-22.012166976928711
64.403861999511719	-22.041019439697266
64.3860855102539	-21.963579177856445
64.38922119140625	-21.898561477661133
64.379257202148438	-21.872529983520508
64.375282287597656	-21.918312072753906
64.373703002929688	-21.951528549194336
64.373443603515625	-21.978487014770508
64.356147766113281	-22.005615234375
64.353279113769531	-22.015390396118164
64.334648132324219	-22.054941177368164
64.316970825195313	-22.09892463684082
64.312789916992188	-22.053794860839844
64.3028564453125	-22.010797500610352
64.303558349609375	-21.943168640136719
64.3143310546875	-21.885356903076172
64.339920043945313	-21.8037109375
64.363578796386719	-21.748664855957031
64.385063171386719	-21.701639175415039
64.402816772460938	-21.638362884521484
64.3932876586914	-21.545915603637695
64.395744323730469	-21.442411422729492
64.383918762207031	-21.42552375793457
64.373100280761719	-21.4300594329834
64.387649536132813	-21.37025260925293
64.363166809082031	-21.41264533996582
64.354461669921875	-21.4462947845459
64.365371704101563	-21.499019622802734
64.367050170898438	-21.566715240478516
64.375930786132813	-21.589534759521484
64.3711166381836	-21.595739364624023
64.35284423828125	-21.678226470947266
64.3454818725586	-21.627902984619141
64.336257934570313	-21.634504318237305
64.335411071777344	-21.677766799926758
64.334922790527344	-21.710479736328125
64.3310317993164	-21.750059127807617
64.282585144042969	-21.844764709472656
64.24371337890625	-21.888980865478516
64.228240966796875	-21.892847061157227
64.237861633300781	-21.847770690917969
64.2073974609375	-21.831666946411133
64.207977294921875	-21.734663009643555
64.200057983398438	-21.72627067565918
64.183601379394531	-21.764871597290039
64.177558898925781	-21.73468017578125
64.179527282714844	-21.700237274169922
64.174369812011719	-21.724916458129883
64.166267395019531	-21.748592376708984
64.157379150390625	-21.782756805419922
64.16705322265625	-21.784326553344727
64.1599349975586	-21.792537689208984
64.151405334472656	-21.826313018798828
64.146293640136719	-21.821987152099609
64.129585266113281	-21.805976867675781
64.1275634765625	-21.845849990844727
64.153266906738281	-21.887699127197266
64.151962280273438	-21.934282302856445
64.153846740722656	-21.985593795776367
64.154678344726563	-22.035335540771484
64.14569091796875	-21.977146148681641
64.124397277832031	-21.946884155273438
64.1168212890625	-21.907474517822266
64.10400390625	-21.905679702758789
64.096183776855469	-21.953212738037109
64.100418090820313	-22.003694534301758
64.106643676757813	-21.955965042114258
64.107406616210938	-21.994098663330078
64.117744445800781	-21.994384765625
64.110366821289063	-22.026760101318359
64.095039367675781	-22.042470932006836
64.092765808105469	-22.01484489440918
64.088661193847656	-22.006307601928711
64.064628601074219	-21.978200912475586
64.049522399902344	-22.017740249633789
64.0494613647461	-22.066362380981445
64.032623291015625	-22.133705139160156
64.016555786132813	-22.184263229370117
64.029052734375	-22.235561370849609
64.020988464355469	-22.294744491577148
64.012397766113281	-22.345829010009766
63.990184783935547	-22.391071319580078
63.976726531982422	-22.389789581298828
63.971141815185547	-22.402923583984375
63.976417541503906	-22.499889373779297
63.976547241210938	-22.523658752441406
63.988155364990234	-22.536205291748047
64.006660461425781	-22.553054809570313
64.024711608886719	-22.554271697998047
64.047286987304688	-22.588998794555664
64.0750503540039	-22.644096374511719
64.081367492675781	-22.703964233398438
64.0595703125	-22.710842132568359
64.038375854492188	-22.709402084350586
64.0146713256836	-22.710647583007813
63.999271392822266	-22.726066589355469
63.984058380126953	-22.74702262878418
63.967254638671875	-22.746242523193359
63.958499908447266	-22.729347229003906
63.952713012695313	-22.706386566162109
63.945865631103516	-22.6916446685791
63.9472770690918	-22.668577194213867
63.952411651611328	-22.635044097900391
63.9420280456543	-22.636327743530273
63.937118530273438	-22.656204223632813
63.937034606933594	-22.680078506469727
63.924385070800781	-22.696914672851563
63.907691955566406	-22.7074031829834
63.894515991210938	-22.71760368347168
63.877437591552734	-22.7377872467041
63.854061126708984	-22.699138641357422
63.833152770996094	-22.722017288208008
63.815380096435547	-22.724586486816406
63.800579071044922	-22.690406799316406
63.821781158447266	-22.622598648071289
63.810184478759766	-22.55865478515625
63.824504852294922	-22.506912231445313
63.831558227539063	-22.445762634277344
63.837844848632813	-22.424121856689453
63.833030700683594	-22.392498016357422
63.854244232177734	-22.34748649597168
63.841972351074219	-22.292901992797852
63.830860137939453	-22.191974639892578
63.830867767333984	-22.087379455566406
63.834033966064453	-21.977813720703125
63.844089508056641	-21.869478225708008
63.866214752197266	-21.791622161865234
63.846469879150391	-21.720571517944336
63.824501037597656	-21.67738151550293
63.835273742675781	-21.538759231567383
63.844364166259766	-21.40135383605957
63.860301971435547	-21.375358581542969
63.882633209228516	-21.293100357055664
63.897396087646484	-21.297801971435547
63.8534049987793	-21.121574401855469
63.8255615234375	-20.996994018554688
63.8242301940918	-20.97178840637207
63.819427490234375	-20.951953887939453
63.806365966796875	-20.911359786987305
63.798145294189453	-20.894271850585938
63.779537200927734	-20.831398010253906
63.775173187255859	-20.80653190612793
63.7715950012207	-20.797046661376953
63.753524780273438	-20.739994049072266
63.684593200683594	-20.553997039794922
63.705410003662109	-20.567020416259766
63.685398101806641	-20.55095100402832
63.667381286621094	-20.509641647338867
63.646930694580078	-20.459220886230469
63.649757385253906	-20.458133697509766
63.660526275634766	-20.465139389038086
63.6246223449707	-20.403352737426758
63.623184204101563	-20.406158447265625
63.610275268554688	-20.367864608764648
63.604175567626953	-20.352596282958984
63.591926574707031	-20.335514068603516
63.584518432617188	-20.318254470825195
63.573970794677734	-20.293182373046875
63.564090728759766	-20.270532608032227
63.549797058105469	-20.229179382324219
63.535118103027344	-20.168550491333008
63.532680511474609	-20.0862979888916
63.536170959472656	-20.079868316650391
63.534408569335938	-20.071174621582031
63.536937713623047	-20.030818939208984
63.538276672363281	-19.989280700683594
63.537937164306641	-19.945032119750977
63.535842895507813	-19.894495010375977
63.533607482910156	-19.856674194335938
63.531387329101563	-19.822687149047852
63.525897979736328	-19.770900726318359
63.530521392822266	-19.791776657104492
63.536251068115234	-19.882987976074219
63.523818969726563	-19.751335144042969
63.516651153564453	-19.699445724487305
63.516166687011719	-19.684555053710938
63.510337829589844	-19.6606388092041
63.509315490722656	-19.645877838134766
63.502109527587891	-19.618412017822266
63.499515533447266	-19.602924346923828
63.4901123046875	-19.556459426879883
63.495586395263672	-19.569179534912109
63.4850959777832	-19.531139373779297
63.471767425537109	-19.476083755493164
63.465255737304688	-19.4428768157959
63.4596061706543	-19.403026580810547
63.4582633972168	-19.39349365234375
63.454364776611328	-19.366605758666992
63.449390411376953	-19.34014892578125
63.4437370300293	-19.314119338989258
63.435062408447266	-19.278718948364258
63.421733856201172	-19.223152160644531
63.417819976806641	-19.206569671630859
63.411312103271484	-19.177101135253906
63.403350830078125	-19.138246536254883
63.398052215576172	-19.131668090820313
63.403144836425781	-19.106115341186523
63.405738830566406	-19.089969635009766
63.402622222900391	-19.047380447387695
63.411727905273438	-19.025798797607422
63.4141731262207	-18.973426818847656
63.412387847900391	-18.944061279296875
63.400440216064453	-18.875423431396484
63.395835876464844	-18.815010070800781
63.390956878662109	-18.764080047607422
63.396209716796875	-18.68548583984375
63.400547027587891	-18.652187347412109
63.414150238037109	-18.589426040649414
63.42413330078125	-18.499773025512695
63.450473785400391	-18.288543701171875
63.465103149414063	-18.162773132324219
63.45513916015625	-18.2458438873291
63.462375640869141	-18.201526641845703
63.475883483886719	-18.130462646484375
63.510353088378906	-18.000434875488281
63.5505485534668	-17.911369323730469
63.576824188232422	-17.8845157623291
63.584934234619141	-17.880409240722656
63.618556976318359	-17.847940444946289
63.630859375	-17.835346221923828
63.6739501953125	-17.780509948730469
63.676708221435547	-17.786428451538086
63.694622039794922	-17.746152877807617
63.71319580078125	-17.695924758911133
63.7403450012207	-17.586885452270508
63.750938415527344	-17.526369094848633
63.757938385009766	-17.483552932739258
63.775341033935547	-17.381011962890625
63.779384613037109	-17.320852279663086
63.778026580810547	-17.302762985229492
63.783782958984375	-17.206798553466797
63.786422729492188	-17.177814483642578
63.78546142578125	-17.120992660522461
63.781608581542969	-17.017547607421875
63.779914855957031	-16.991968154907227
63.782318115234375	-16.927047729492188
63.786746978759766	-16.813762664794922
63.788356781005859	-16.77711296081543
63.799324035644531	-16.66261100769043
63.8011474609375	-16.63856315612793
63.803562164306641	-16.658098220825195
63.815067291259766	-16.627037048339844
63.833221435546875	-16.602977752685547
63.842891693115234	-16.588821411132813
63.879718780517578	-16.536750793457031
63.89141845703125	-16.506998062133789
63.922477722167969	-16.441116333007813
63.931640625	-16.421100616455078
63.953937530517578	-16.385173797607422
63.992057800292969	-16.310977935791016
64.007820129394531	-16.28343391418457
64.029495239257813	-16.208244323730469
64.045166015625	-16.194478988647461
64.040283203125	-16.175516128540039
64.061050415039063	-16.131462097167969
64.067085266113281	-16.126501083374023
64.095550537109375	-16.054166793823242
64.119369506835938	-15.997843742370605
64.161262512207031	-15.832189559936523
64.175552368164063	-15.730008125305176
64.1866455078125	-15.716544151306152
64.215888977050781	-15.611441612243652
64.237541198730469	-15.360762596130371
64.2309799194336	-15.186626434326172
64.238021850585938	-15.258487701416016
64.270462036132813	-15.381719589233398
64.303970336914063	-15.369928359985352
64.317337036132813	-15.309680938720703
64.288169860839844	-15.233988761901855
64.281791687011719	-15.201465606689453
64.258804321289063	-15.21854305267334
64.252403259277344	-15.197243690490723
64.269477844238281	-15.187355041503906
64.272041320800781	-15.150045394897461
64.2781753540039	-15.12103271484375
64.254669189453125	-15.019598007202148
64.241348266601563	-15.174160957336426
64.241714477539063	-15.11173152923584
64.239349365234375	-14.997659683227539
64.245811462402344	-14.965470314025879
64.259880065917969	-14.938694000244141
64.288978576660156	-14.906013488769531
64.293380737304688	-14.918361663818359
64.3277816772461	-14.894936561584473
64.383682250976563	-14.743216514587402
64.394195556640625	-14.668146133422852
64.413162231445313	-14.527525901794434
64.4435806274414	-14.499185562133789
64.46331787109375	-14.50014591217041
64.4919662475586	-14.472657203674316
64.5332260131836	-14.465667724609375
64.592010498046875	-14.351489067077637
64.580322265625	-14.402292251586914
64.543655395507813	-14.470290184020996
64.5364990234375	-14.513391494750977
64.538894653320313	-14.542211532592773
64.5414047241211	-14.584201812744141
64.566635131835938	-14.574789047241211
64.581283569335938	-14.570171356201172
64.593032836914063	-14.55538272857666
64.591026306152344	-14.500529289245605
64.592247009277344	-14.471548080444336
64.588218688964844	-14.442299842834473
64.604705810546875	-14.407493591308594
64.621101379394531	-14.404758453369141
64.635391235351563	-14.448257446289063
64.648681640625	-14.496435165405273
64.657890319824219	-14.481317520141602
64.658126831054688	-14.437575340270996
64.6563720703125	-14.388510704040527
64.6501693725586	-14.358844757080078
64.646087646484375	-14.325980186462402
64.639762878417969	-14.274538993835449
64.646202087402344	-14.241359710693359
64.647132873535156	-14.265286445617676
64.6567153930664	-14.263497352600098
64.662849426269531	-14.269853591918945
64.662307739257813	-14.291192054748535
64.669670104980469	-14.318073272705078
64.6767349243164	-14.342303276062012
64.6881103515625	-14.344545364379883
64.704216003417969	-14.386726379394531
64.7260971069336	-14.400713920593262
64.746261596679688	-14.426300048828125
64.754058837890625	-14.470446586608887
64.780998229980469	-14.465100288391113
64.789299011230469	-14.462979316711426
64.768356323242188	-14.415283203125
64.7454833984375	-14.372103691101074
64.726524353027344	-14.341675758361816
64.706405639648438	-14.324597358703613
64.698173522949219	-14.289886474609375
64.69451904296875	-14.263179779052734
64.693588256835938	-14.234796524047852
64.692878723144531	-14.201313972473145
64.689949035644531	-14.177184104919434
64.7001724243164	-14.119251251220703
64.704940795898438	-14.073093414306641
64.718063354492188	-14.02849006652832
64.730476379394531	-13.984432220458984
64.745590209960938	-14.005650520324707
64.761825561523438	-14.021560668945313
64.767745971679688	-14.043338775634766
64.786582946777344	-14.021932601928711
64.7905502319336	-13.984874725341797
64.792861938476563	-13.947361946105957
64.799362182617188	-13.876495361328125
64.8005599975586	-13.842823028564453
64.8089828491211	-13.843273162841797
64.820724487304688	-13.895751953125
64.84051513671875	-13.930444717407227
64.832138061523438	-13.860163688659668
64.825920104980469	-13.830405235290527
64.837211608886719	-13.80644416809082
64.854804992675781	-13.76416015625
64.876884460449219	-13.770902633666992
64.8874282836914	-13.822304725646973
64.904899597167969	-13.93840503692627
64.923828125	-14.040752410888672
64.932586669921875	-14.034398078918457
64.9183578491211	-13.953812599182129
64.919357299804688	-13.898909568786621
64.919281005859375	-13.852985382080078
64.911781311035156	-13.806985855102539
64.909622192382813	-13.763714790344238
64.910140991210938	-13.736573219299316
64.9090576171875	-13.705795288085938
64.926864624023438	-13.68576717376709
64.93841552734375	-13.6856107711792
64.936248779296875	-13.732783317565918
64.9405517578125	-13.773221015930176
64.960517883300781	-13.815101623535156
64.975837707519531	-13.873109817504883
65.007644653320313	-13.93952465057373
65.011314392089844	-13.9943265914917
65.0162353515625	-14.116913795471191
65.018852233886719	-14.222777366638184
65.0325698852539	-14.200782775878906
65.031967163085938	-14.102285385131836
65.042678833007813	-14.029878616333008
65.0477066040039	-13.994903564453125
65.070526123046875	-14.037698745727539
65.068107604980469	-14.007916450500488
65.049888610839844	-13.950139045715332
65.0295639038086	-13.852370262145996
65.006637573242188	-13.810666084289551
64.985382080078125	-13.768185615539551
64.988571166992188	-13.656037330627441
65.004890441894531	-13.596589088439941
65.036972045898438	-13.58704662322998
65.054008483886719	-13.524044990539551
65.082633972167969	-13.496026039123535
65.107139587402344	-13.530546188354492
65.166816711425781	-13.512162208557129
65.13714599609375	-13.567344665527344
65.1005859375	-13.604031562805176
65.109451293945313	-13.626818656921387
65.10906982421875	-13.699992179870605
65.131866455078125	-13.65386962890625
65.14361572265625	-13.734323501586914
65.158363342285156	-13.638273239135742
65.191688537597656	-13.636360168457031
65.191276550292969	-13.692784309387207
65.193489074707031	-13.825053215026855
65.18963623046875	-13.972552299499512
65.202217102050781	-13.915521621704102
65.204551696777344	-13.761218070983887
65.2140121459961	-13.667613983154297
65.232635498046875	-13.629246711730957
65.250236511230469	-13.606601715087891
65.264488220214844	-13.581193923950195
65.279716491699219	-13.603352546691895
65.292518615722656	-13.661064147949219
65.285636901855469	-13.723164558410645
65.289566040039063	-13.795098304748535
65.280326843261719	-13.926591873168945
65.266044616699219	-14.006377220153809
65.294631958007813	-13.9093656539917
65.310791015625	-13.765636444091797
65.326553344726563	-13.73110294342041
65.347305297851563	-13.819886207580566
65.364204406738281	-13.828208923339844
65.362213134765625	-13.756640434265137
65.368888854980469	-13.699392318725586
65.386032104492188	-13.65788745880127
65.399429321289063	-13.664462089538574
65.411369323730469	-13.656944274902344
65.423667907714844	-13.633956909179688
65.4406509399414	-13.653426170349121
65.464424133300781	-13.652027130126953
65.487289428710938	-13.623106002807617
65.512115478515625	-13.607280731201172
65.529083251953125	-13.649832725524902
65.536575317382813	-13.685192108154297
65.552452087402344	-13.684847831726074
65.55157470703125	-13.73682975769043
65.52734375	-13.768032073974609
65.526870727539063	-13.813549041748047
65.548538208007813	-13.813499450683594
65.5699691772461	-13.824172019958496
65.579872131347656	-13.88227653503418
65.598892211914063	-13.85118293762207
65.6170654296875	-13.88629150390625
65.603134155273438	-13.965490341186523
65.594314575195313	-14.001068115234375
65.656051635742188	-14.235198020935059
65.7216796875	-14.386931419372559
65.746536254882813	-14.35939884185791
65.787117004394531	-14.35819149017334
65.781791687011719	-14.407866477966309
65.78057861328125	-14.454689025878906
65.7608642578125	-14.523688316345215
65.75701904296875	-14.599388122558594
65.752090454101563	-14.641873359680176
65.7497787475586	-14.674211502075195
65.74114990234375	-14.722419738769531
65.735946655273438	-14.765558242797852
65.722427368164063	-14.802885055541992
65.745841979980469	-14.835623741149902
65.764068603515625	-14.809806823730469
65.780990600585938	-14.774595260620117
65.784507751464844	-14.80165958404541
65.818817138671875	-14.804780006408691
65.844619750976563	-14.730932235717773
65.864273071289063	-14.721096992492676
65.887557983398438	-14.656316757202148
65.924285888671875	-14.616569519042969
65.980712890625	-14.615819931030273
66.011154174804688	-14.65302848815918
66.037246704101563	-14.670068740844727
66.054763793945313	-14.720513343811035
66.055618286132813	-14.756457328796387
66.043869018554688	-14.783486366271973
66.025077819824219	-14.816011428833008
66.01446533203125	-14.883011817932129
66.029098510742188	-14.900443077087402
66.0304183959961	-14.959274291992188
66.042274475097656	-15.016216278076172
66.038078308105469	-15.078708648681641
66.072135925292969	-15.062253952026367
66.091644287109375	-15.108669281005859
66.1016616821289	-15.166134834289551
66.132652282714844	-15.121192932128906
66.175086975097656	-14.966872215270996
66.20294189453125	-14.932605743408203
66.227554321289063	-14.940557479858398
66.277313232421875	-14.971821784973145
66.2955093383789	-14.894268035888672
66.3236312866211	-14.792331695556641
66.335334777832031	-14.734113693237305
66.358802795410156	-14.596193313598633
66.3752670288086	-14.616029739379883
66.3770980834961	-14.817118644714355
66.3716049194336	-14.921538352966309
66.334228515625	-15.002127647399902
66.291946411132813	-15.060108184814453
66.2915267944336	-15.101248741149902
66.2654037475586	-15.173233985900879
66.255157470703125	-15.288581848144531
66.250541687011719	-15.336986541748047
66.210578918457031	-15.346344947814941
66.194282531738281	-15.330070495605469
66.172889709472656	-15.339613914489746
66.158721923828125	-15.395404815673828
66.168685913085938	-15.432221412658691
66.189369201660156	-15.453605651855469
66.1994857788086	-15.517073631286621
66.214439392089844	-15.546594619750977
66.228683471679688	-15.599859237670898
66.223587036132813	-15.670877456665039
66.2484359741211	-15.693403244018555
66.264930725097656	-15.702705383300781
66.2725830078125	-15.755415916442871
66.31280517578125	-15.703022956848145
66.355751037597656	-15.685293197631836
66.398796081542969	-15.734218597412109
66.406089782714844	-15.808402061462402
66.423583984375	-15.820204734802246
66.423088073730469	-15.880406379699707
66.417861938476563	-15.925280570983887
66.436943054199219	-15.931129455566406
66.4515151977539	-15.940935134887695
66.4603042602539	-15.930595397949219
66.47454833984375	-15.914596557617188
66.485260009765625	-15.919957160949707
66.488357543945313	-15.903585433959961
66.498825073242188	-15.928555488586426
66.503700256347656	-15.9619140625
66.513427734375	-15.96314811706543
66.507919311523438	-15.971280097961426
66.518867492675781	-15.984299659729004
66.537025451660156	-16.031801223754883
66.525871276855469	-16.064731597900391
66.519271850585938	-16.072080612182617
66.527023315429688	-16.102434158325195
66.5321273803711	-16.190580368041992
66.503952026367188	-16.238479614257813
66.492919921875	-16.249887466430664
66.511856079101563	-16.253988265991211
66.501991271972656	-16.254909515380859
66.487258911132813	-16.312162399291992
66.5114974975586	-16.374679565429688
66.506668090820313	-16.376115798950195
66.5035400390625	-16.4095401763916
66.512855529785156	-16.429899215698242
66.5157241821289	-16.479333877563477
66.5117416381836	-16.499792098999023
66.501289367675781	-16.549045562744141
66.480171203613281	-16.572151184082031
66.457565307617188	-16.539676666259766
66.445259094238281	-16.528392791748047
66.419387817382813	-16.500383377075195
66.413139343261719	-16.526086807250977
66.381027221679688	-16.518331527709961
66.35113525390625	-16.509622573852539
66.31756591796875	-16.477058410644531
66.298721313476563	-16.461093902587891
66.280998229980469	-16.43115234375
66.226425170898438	-16.454521179199219
66.198310852050781	-16.497106552124023
66.157363891601563	-16.693506240844727
66.139411926269531	-16.748634338378906
66.123573303222656	-16.927656173706055
66.157661437988281	-16.978038787841797
66.20147705078125	-17.022542953491211
66.2046127319336	-17.099555969238281
66.206062316894531	-17.149421691894531
66.193206787109375	-17.210702896118164
66.173553466796875	-17.258140563964844
66.146102905273438	-17.261667251586914
66.101081848144531	-17.3027286529541
66.085479736328125	-17.34025764465332
66.064071655273438	-17.354341506958008
66.035240173339844	-17.3555850982666
66.01263427734375	-17.383346557617188
65.990631103515625	-17.418073654174805
65.9861831665039	-17.573362350463867
65.998550415039063	-17.656473159790039
66.032928466796875	-17.67315673828125
66.079795837402344	-17.769357681274414
66.114677429199219	-17.883609771728516
66.143150329589844	-17.921909332275391
66.152778625488281	-17.971343994140625
66.155479431152344	-18.013069152832031
66.155921936035156	-18.075351715087891
66.157112121582031	-18.119792938232422
66.16925048828125	-18.1666202545166
66.171882629394531	-18.214317321777344
66.174644470214844	-18.268667221069336
66.152633666992188	-18.311655044555664
66.103271484375	-18.30731201171875
66.056991577148438	-18.296360015869141
66.006851196289063	-18.268865585327148
65.976364135742188	-18.232166290283203
65.937141418457031	-18.203336715698242
65.9068603515625	-18.16197395324707
65.918060302734375	-18.141302108764648
65.9078140258789	-18.121770858764648
65.8868637084961	-18.099662780761719
65.854751586914063	-18.066501617431641
65.819915771484375	-18.055574417114258
65.797966003417969	-18.061298370361328
65.769767761230469	-18.086076736450195
65.741851806640625	-18.085935592651367
65.708236694335938	-18.07267951965332
65.676483154296875	-18.047727584838867
65.656044006347656	-18.04705810546875
65.6605453491211	-18.068967819213867
65.673110961914063	-18.082454681396484
65.694534301757813	-18.08470344543457
65.711845397949219	-18.120309829711914
65.726730346679688	-18.144865036010742
65.736663818359375	-18.160366058349609
65.75225830078125	-18.157649993896484
65.776847839355469	-18.15742301940918
65.7877197265625	-18.158052444458008
65.785110473632813	-18.166948318481445
65.795608520507813	-18.185514450073242
65.802406311035156	-18.182912826538086
65.849456787109375	-18.193798065185547
65.869094848632813	-18.260271072387695
65.912033081054688	-18.294160842895508
65.951171875	-18.379791259765625
65.965103149414063	-18.461688995361328
65.997833251953125	-18.517898559570313
66.046562194824219	-18.517488479614258
66.081214904785156	-18.621757507324219
66.094161987304688	-18.638814926147461
66.140426635742188	-18.638406753540039
66.151626586914063	-18.742607116699219
66.131378173828125	-18.77290153503418
66.184051513671875	-18.766260147094727
66.196075439453125	-18.856687545776367
66.171943664550781	-18.853851318359375
66.142501831054688	-18.89593505859375
66.1500244140625	-18.911375045776367
66.173446655273438	-18.898332595825195
66.187347412109375	-18.94947624206543
66.170692443847656	-19.008552551269531
66.126358032226563	-19.077014923095703
66.094070434570313	-19.094768524169922
66.069252014160156	-19.14924430847168
66.0835952758789	-19.211669921875
66.079055786132813	-19.248184204101563
66.076141357421875	-19.312629699707031
66.06787109375	-19.373178482055664
66.023712158203125	-19.42866325378418
65.978569030761719	-19.420221328735352
65.955314636230469	-19.505056381225586
65.9261474609375	-19.447786331176758
65.900077819824219	-19.425334930419922
65.870597839355469	-19.394142150878906
65.836784362792969	-19.361087799072266
65.805618286132813	-19.377124786376953
65.7724609375	-19.400876998901367
65.738754272460938	-19.451839447021484
65.769424438476563	-19.545713424682617
65.748199462890625	-19.5513858795166
65.7499008178711	-19.644613265991211
65.773117065429688	-19.662704467773438
65.8426284790039	-19.689830780029297
65.884750366210938	-19.739162445068359
65.890640258789063	-19.794576644897461
65.9328842163086	-19.879732131958008
65.9529800415039	-19.919815063476563
65.975738525390625	-19.927976608276367
66.004768371582031	-19.963441848754883
66.0269775390625	-19.991060256958008
66.054740905761719	-20.018587112426758
66.087440490722656	-20.069128036499023
66.12030029296875	-20.104959487915039
66.11981201171875	-20.188663482666016
66.101402282714844	-20.280328750610352
66.091270446777344	-20.379194259643555
66.038467407226563	-20.418264389038086
66.0186996459961	-20.424327850341797
65.960487365722656	-20.389875411987305
65.914833068847656	-20.357156753540039
65.864166259765625	-20.314239501953125
65.846748352050781	-20.309829711914063
65.826179504394531	-20.310894012451172
65.797821044921875	-20.295982360839844
65.76416015625	-20.278480529785156
65.720611572265625	-20.2725830078125
65.7048568725586	-20.284664154052734
65.67144775390625	-20.29533576965332
65.652603149414063	-20.307435989379883
65.620498657226563	-20.337776184082031
65.602508544921875	-20.435880661010742
65.594284057617188	-20.584247589111328
65.603912353515625	-20.635984420776367
65.634201049804688	-20.628402709960938
65.651908874511719	-20.639358520507813
65.675003051757813	-20.625513076782227
65.681564331054688	-20.656347274780273
65.681472778320313	-20.685270309448242
65.673721313476563	-20.729221343994141
65.6593246459961	-20.766853332519531
65.637176513671875	-20.805313110351563
65.628707885742188	-20.828969955444336
65.613197326660156	-20.864311218261719
65.600296020507813	-20.899837493896484
65.570709228515625	-20.941246032714844
65.528511047363281	-20.964773178100586
65.466438293457031	-20.982816696166992
65.422004699707031	-20.966644287109375
65.351203918457031	-20.911792755126953
65.367767333984375	-20.979576110839844
65.452194213867188	-21.078424453735352
65.325004577636719	-21.069538116455078
65.2613754272461	-21.109714508056641
65.172515869140625	-21.064001083374023
65.16754150390625	-21.090694427490234
65.210342407226563	-21.092098236083984
65.254753112792969	-21.139413833618164
65.26953125	-21.157863616943359
65.291313171386719	-21.166790008544922
65.323539733886719	-21.184803009033203
65.354820251464844	-21.180231094360352
65.37725830078125	-21.186975479125977
65.412040710449219	-21.208806991577148
65.430793762207031	-21.206340789794922
65.445137023925781	-21.237077713012695
65.483230590820313	-21.278223037719727
65.447113037109375	-21.470413208007813
65.476799011230469	-21.380681991577148
65.504318237304688	-21.32414436340332
65.556892395019531	-21.290966033935547
65.599807739257813	-21.342191696166992
65.590911865234375	-21.381593704223633
65.571914672851563	-21.426425933837891
65.570785522460938	-21.47578239440918
65.607475280761719	-21.402116775512695
65.6207046508789	-21.387491226196289
65.638107299804688	-21.440908432006836
65.646354675292969	-21.484466552734375
65.639129638671875	-21.548778533935547
65.642669677734375	-21.585968017578125
65.654037475585938	-21.6361026763916
65.661537170410156	-21.654245376586914
65.680770874023438	-21.665607452392578
65.698127746582031	-21.684616088867188
65.728507995605469	-21.679117202758789
65.761894226074219	-21.753477096557617
65.772331237792969	-21.743757247924805
65.761650085449219	-21.675327301025391
65.7220458984375	-21.624406814575195
65.702239990234375	-21.599113464355469
65.692741394042969	-21.582157135009766
65.690093994140625	-21.519693374633789
65.68963623046875	-21.433645248413086
65.725326538085938	-21.3790340423584
65.758262634277344	-21.395359039306641
65.76129150390625	-21.41583251953125
65.761962890625	-21.465625762939453
65.781021118164063	-21.388843536376953
65.823684692382813	-21.305397033691406
65.864143371582031	-21.284215927124023
65.8814926147461	-21.289775848388672
65.940567016601563	-21.312824249267578
65.931388854980469	-21.437946319580078
65.945503234863281	-21.397932052612305
65.961875915527344	-21.42024040222168
65.953948974609375	-21.46856689453125
65.947006225585938	-21.566822052001953
65.956092834472656	-21.604803085327148
65.972938537597656	-21.505834579467773
65.985557556152344	-21.3829345703125
65.999626159667969	-21.317037582397461
66.027694702148438	-21.402187347412109
66.018936157226563	-21.462932586669922
66.020172119140625	-21.517232894897461
66.043281555175781	-21.502838134765625
66.0870361328125	-21.563255310058594
66.0549545288086	-21.602909088134766
66.043548583984375	-21.636333465576172
66.049186706542969	-21.70050048828125
66.080818176269531	-21.73442268371582
66.114151000976563	-21.750532150268555
66.132766723632813	-21.740877151489258
66.177337646484375	-21.747323989868164
66.188232421875	-21.854942321777344
66.211898803710938	-21.910871505737305
66.200302124023438	-21.984151840209961
66.2183837890625	-21.950813293457031
66.24200439453125	-21.932186126708984
66.2677001953125	-21.962015151977539
66.258468627929688	-22.041213989257813
66.278640747070313	-22.085197448730469
66.279891967773438	-22.097803115844727
66.253044128417969	-22.138763427734375
66.250411987304688	-22.157899856567383
66.274772644042969	-22.168247222900391
66.278305053710938	-22.223234176635742
66.312416076660156	-22.235507965087891
66.335464477539063	-22.231742858886719
66.36663818359375	-22.275550842285156
66.3935317993164	-22.3497314453125
66.411323547363281	-22.378763198852539
66.439521789550781	-22.392248153686523
66.465705871582031	-22.45539665222168
66.429244995117188	-22.455474853515625
66.447708129882813	-22.52943229675293
66.440376281738281	-22.620681762695313
66.41473388671875	-22.677923202514648
66.438751220703125	-22.74066162109375
66.447845458984375	-22.819326400756836
66.4718246459961	-22.924703598022461
66.435638427734375	-22.950355529785156
66.422683715820313	-23.044389724731445
66.434249877929688	-23.124942779541016
66.389457702636719	-23.036933898925781
66.356842041015625	-23.029850006103516
66.3499755859375	-23.120656967163086
66.342887878417969	-23.189550399780273
66.3038330078125	-23.051067352294922
66.2962417602539	-22.965328216552734
66.338714599609375	-22.870777130126953
66.349624633789063	-22.791341781616211
66.31097412109375	-22.819759368896484
66.3432388305664	-22.707574844360352
66.364097595214844	-22.644199371337891
66.353378295898438	-22.6458797454834
66.3315658569336	-22.674009323120117
66.293319702148438	-22.691915512084961
66.286361694335938	-22.582633972167969
66.320907592773438	-22.50471305847168
66.327896118164063	-22.475074768066406
66.3123779296875	-22.473848342895508
66.296951293945313	-22.498308181762695
66.283409118652344	-22.5474910736084
66.2668228149414	-22.540752410888672
66.26934814453125	-22.4328670501709
66.262451171875	-22.405605316162109
66.251876831054688	-22.466451644897461
66.246932983398438	-22.552824020385742
66.220787048339844	-22.533239364624023
66.243690490722656	-22.607276916503906
66.24932861328125	-22.704860687255859
66.258499145507813	-22.847517013549805
66.238845825195313	-22.9309024810791
66.19482421875	-22.959451675415039
66.154067993164063	-22.853456497192383
66.131019592285156	-22.718194961547852
66.11492919921875	-22.647592544555664
66.090774536132813	-22.559574127197266
66.078964233398438	-22.461536407470703
66.075210571289063	-22.4193058013916
66.055335998535156	-22.466766357421875
66.02630615234375	-22.48280143737793
65.959297180175781	-22.380027770996094
65.912704467773438	-22.341251373291016
65.888946533203125	-22.382970809936523
65.837654113769531	-22.427431106567383
65.813529968261719	-22.477443695068359
65.792892456054688	-22.536298751831055
65.785140991210938	-22.578235626220703
65.8087387084961	-22.515834808349609
65.877822875976563	-22.425600051879883
65.9224624633789	-22.419654846191406
65.916267395019531	-22.434112548828125
65.9094467163086	-22.448055267333984
65.950790405273438	-22.469039916992188
65.94232177734375	-22.465869903564453
65.941810607910156	-22.492416381835938
65.975982666015625	-22.508481979370117
65.968246459960938	-22.522989273071289
65.932464599609375	-22.54804801940918
65.914642333984375	-22.5595703125
65.8812255859375	-22.587001800537109
65.842086791992188	-22.617618560791016
65.833953857421875	-22.64686393737793
65.873641967773438	-22.624917984008789
65.900924682617188	-22.598787307739258
65.961563110351563	-22.579423904418945
65.976181030273438	-22.593936920166016
65.998283386230469	-22.611129760742188
66.016677856445313	-22.660543441772461
66.04437255859375	-22.677837371826172
66.040473937988281	-22.722267150878906
66.016670227050781	-22.781850814819336
65.961013793945313	-22.785131454467773
65.895660400390625	-22.834150314331055
65.9172134399414	-22.850767135620117
65.988395690917969	-22.815053939819336
65.9822769165039	-22.857442855834961
65.9149398803711	-22.967462539672852
65.963310241699219	-22.89863395690918
65.993217468261719	-22.870546340942383
66.016403198242188	-22.890340805053711
66.030189514160156	-22.882841110229492
65.9678955078125	-22.909852981567383
66.007820129394531	-22.915718078613281
66.0451431274414	-22.945150375366211
65.990608215332031	-23.010955810546875
65.9666748046875	-23.059913635253906
66.007171630859375	-23.020645141601563
66.038276672363281	-22.985551834106445
66.07489013671875	-23.090229034423828
66.049850463867188	-23.16352653503418
66.074470520019531	-23.121265411376953
66.078086853027344	-23.125356674194336
66.1309814453125	-23.133209228515625
66.156623840332031	-23.246646881103516
66.1938705444336	-23.407873153686523
66.1812515258789	-23.521228790283203
66.144500732421875	-23.598443984985352
66.138687133789063	-23.5181884765625
66.102462768554688	-23.416454315185547
66.092941284179688	-23.403524398803711
66.132247924804688	-23.543121337890625
66.108467102050781	-23.662055969238281
66.054611206054688	-23.518665313720703
66.047149658203125	-23.474279403686523
66.021621704101563	-23.408176422119141
65.9966812133789	-23.387495040893555
65.990158081054688	-23.395936965942383
66.020065307617188	-23.429508209228516
66.022705078125	-23.476465225219727
66.035972595214844	-23.572933197021484
66.059585571289063	-23.715492248535156
66.025344848632813	-23.817958831787109
65.998771667480469	-23.788825988769531
65.9658203125	-23.7133846282959
65.93487548828125	-23.632539749145508
65.920700073242188	-23.599998474121094
65.901405334472656	-23.541141510009766
65.875617980957031	-23.440031051635742
65.858688354492188	-23.314413070678711
65.83892822265625	-23.190299987792969
65.848388671875	-23.306224822998047
65.858154296875	-23.408029556274414
65.87615966796875	-23.485797882080078
65.875724792480469	-23.59136962890625
65.900634765625	-23.660396575927734
65.918708801269531	-23.771509170532227
65.91278076171875	-23.850118637084961
65.866180419921875	-23.850650787353516
65.840438842773438	-23.830301284790039
65.803329467773438	-23.762868881225586
65.777664184570313	-23.678110122680664
65.754814147949219	-23.533658981323242
65.75762939453125	-23.454980850219727
65.763809204101563	-23.33331298828125
65.784942626953125	-23.199651718139648
65.76239013671875	-23.223566055297852
65.741241455078125	-23.210958480834961
65.740226745605469	-23.263442993164063
65.733222961425781	-23.357580184936523
65.728790283203125	-23.450996398925781
65.70947265625	-23.521867752075195
65.676429748535156	-23.426469802856445
65.6753921508789	-23.308855056762695
65.674400329589844	-23.275148391723633
65.6586685180664	-23.368980407714844
65.635208129882813	-23.385688781738281
65.634574890136719	-23.442195892333984
65.63458251953125	-23.4965877532959
65.629348754882813	-23.567436218261719
65.665687561035156	-23.563310623168945
65.674018859863281	-23.605220794677734
65.704620361328125	-23.632356643676758
65.729301452636719	-23.763404846191406
65.760101318359375	-23.889377593994141